"""同萌协会up""",1375051245,"""蓝蓝蓝^ 乄""",1,1
"""QAQ未闻花名""",1341402622,"""最帅最欧""",3,2
"""装兔子的冰箱""",1312117310,"""泠泠A""",12,3
"""一人我掉三刀""",1308691544,"""苏月曦^""",6,4
"""天枢保20找合会""",1306019936,"""安""",7,5
"""行会战刀嘎嘎乱掉。""",1304012645,"""海豹眷属绾绾""",2,6
"""咸鱼湾""",1297051592,"""川澄舞""",9,7
"""寻梦""",1290349643,"""我是骗子王""",11,8
"""苏狗YYDS！！！！""",1285819154,"""红茶""",10,9
"""希望之花""",1278451507,"""麦克吉利斯""",8,10
"""休闲养老没烦恼""",1273885875,"""快看彩虹""",5,11
"""月下莲""",1268497510,"""老羊驼克克^""",13,12
"""魔域学院""",1261058290,"""兲空＊""",21,13
"""猫猫连结""",1252046682,"""流炫（招人看简介）""",16,14
"""QAQ品红色的照相馆""",1249945865,"""decade""",20,15
"""观潮阁""",1230929610,"""贤狼赫萝""",18,16
"""灬欧洲兔兔连萌灬""",1227572632,"""兔兔灬狐狸贴贴""",17,17
"""宫商角徵羽""",1225993992,"""绫濑夕映""",15,18
"""QAQ司姬协会""",1199535310,"""芈夜""",23,19
"""星月晓颜""",1196122581,"""光月紫""",26,20
"""梦与魔法的乐园""",1188108105,"""梦天真""",28,21
"""君悦君兮君不知""",1186099029,"""缘氵浅唱灬四叶""",25,22
"""爱酱保护协会""",1171955481,"""珈百璃""",30,23
"""QAQ萌国联邦""",1165362729,"""~利姆露~i 乄""",27,24
"""QAQ摆烂鱼塘""",1140378948,"""伊蕾娜小恶魔（团）""",40,25
"""公主近卫团""",1134227032,"""叮咚丶""",38,26
"""柚子厨交流协会""",1131668272,"""诺诺""",24,27
"""万年传承幻想乡""",1130149085,"""蓝天""",32,28
"""咕噜灵波~转一圈？""",1126022717,"""陌鸢于泠*""",22,29
"""西红柿炒鸡蛋""",1124270900,"""非伤""",35,30
"""洗浴中心""",1119294490,"""朔月^ 乄""",31,31
"""圣威院 冲！""",1110766702,"""是辉夜哦~ p挖""",34,32
"""加把劲骑士团""",1103256627,"""掩饰乄""",43,33
"""瑶光""",1097521297,"""芥荨""",48,34
"""彼岸花曼珠沙华""",1095118410,"""红茶我的最爱丶i""",33,35
"""圣衡骑士团""",1091969777,"""PAL.星菓i""",29,36
"""简简单单最真""",1082005816,"""青山七海""",49,37
"""会长急救中心""",1075907862,"""三三""",37,38
"""莫得感情的行会""",1073653452,"""天使w魔鬼乄（团）""",45,39
"""炼铜术士聚集地""",1066804044,"""奥修 t""",39,40
"""星城""",1065009562,"""焊接者""",41,41
"""大枫树""",1064309750,"""夏天i""",44,42
"""流光雾中萤""",1057427286,"""见切FHi t""",42,43
"""灰与幻想的格林姆迦尔""",1048560343,"""春酒*""",36,44
"""绫绫""",1042634995,"""田心田乄""",46,45
"""蜗仙苑""",1039997173,"""仔仔""",103,46
"""獨行天下""",1038137194,"""腹黑的兔子""",50,47
"""喵喵连结（猫猫二会）""",1036445632,"""wk116春田""",59,48
"""蜗仙居""",1021824643,"""小仓鼠黄瓜瓜  群i""",84,49
"""凯露酱的小鱼塘""",1019875573,"""ssc""",54,50
"""真步公主护卫会""",1015764265,"""婷婷抱抱春妈乄""",58,51
"""红魔馆""",1011288370,"""驱纹戒斗""",51,52
"""放学后茶会""",1001451628,"""諾蓓兒""",55,53
"""某正义的巴别塔""",999416248,"""欧皇""",63,54
"""幽水雅阁""",999233512,"""追 梦 达 人^t""",69,55
"""蜗仙斋""",997582012,"""萌萌一号""",80,56
"""Re:0""",990284930,"""dio""",57,57
"""莱茵海盗团""",990185220,"""风中吃西瓜""",56,58
"""学园都市""",988653390,"""王尼矛""",68,59
"""爱吃华莱士""",985243107,"""陌路""",65,60
"""圣剑""",982184417,"""晗中歌""",64,61
"""QAQ盛夏泳装会""",981031042,"""慕名而来～""",66,62
"""纳萨里克大坟墓""",979353147,"""^莫莫伽*""",77,63
"""阵列猫""",979341790,"""Explosion""",60,64
"""炸骗团伙""",973741667,"""中野四叶i*群简介""",74,65
"""灬欧洲兔兔集结灬""",973510567,"""兔兔灬亦九""",62,66
"""风居住的街道""",973265345,"""梦~三千""",52,67
"""兰德索尔最强炼铜厂""",968146717,"""无路赛i^i""",83,68
"""初音MIKU小幸运""",968081217,"""Zlonix""",78,69
"""Darling""",964094950,"""02""",114,70
"""Freesia""",962372315,"""梨衣""",53,71
"""幻想乡""",961194537,"""夜雨春声""",94,72
"""幻想次元（收人看简介""",954837767,"""欧~力给""",70,73
"""小小牢狱""",946726382,"""泡泡茶壶t""",79,74
"""缘念花""",941655037,"""缘份""",110,75
"""喵喵""",938799844,"""简自在乄""",73,76
"""京都养老院""",937602614,"""漪宝""",100,77
"""风色幻想""",937521736,"""辉XA""",76,78
"""美食殿堂""",931969698,"""玩世不恭""",115,79
"""风域(缺人)""",930596954,"""九霄i""",99,80
"""秋之枫叶红""",929522590,"""GoldGunner""",109,81
"""来点正常出刀活人加群""",926060620,"""笛羞A吾去拖他依 i""",106,82
"""复活社""",924443438,"""骄阳赤妖FH乄""",107,83
"""Kreator""",922870768,"""伊莉雅丝菲尔""",67,84
"""QAQ夜行灯明""",920997574,"""咸鱼肝i""",95,85
"""龙宝随缘冲前50招人""",919295358,"""迷路镇的库露宓""",113,86
"""圣骑士团""",917902112,"""PAL.灵魂的救赎""",86,87
"""月球炼铜乐团""",917809206,"""磷叶""",126,88
"""仓鼠的小窝""",917045928,"""哈罗德""",119,89
"""hxd一起冲""",915086760,"""a8""",130,90
"""牧野行歌""",913694968,"""逍遥""",108,91
"""QAQ茶会""",912950048,"""再也不贪ub了""",125,92
"""洗浴二会""",910364674,"""HL丶乄^""",96,93
"""泪雨梨花后援团（招人""",907413178,"""碎钻回刺原路打回乄""",117,94
"""公主的顶点""",905581198,"""本亚""",98,95
"""QAQ清梦星河""",904632348,"""嗷嗷嗷""",72,96
"""闲鱼""",903534866,"""乃鱼""",124,97
"""惨遭背刺零零碎碎公会""",901263746,"""云间空流 *乄 """,93,98
"""游戏宅""",900778252,"""小春""",89,99
"""三刀出完睡饱饱""",898450906,"""晴天俊朗""",61,100
"""公会之家""",896552830,"""盐酥鸡腿菇i """,102,101
"""皇家巡游""",892327028,"""意如梦""",88,102
"""久辞""",890240498,"""菌菌""",148,103
"""寻芳阁""",887272944,"""会气（团）（在双群）""",87,104
"""一个小家""",886400366,"""星净树""",129,105
"""无忧茶馆""",885595152,"""ashen""",91,106
"""圣骑士二团""",884145686,"""PAL.毛裤""",85,107
"""排百公会招熟练工""",883559514,"""阿波罗""",135,108
"""迷迭迷迭paryi桑""",882907310,"""FLxs风铃星誓 简""",127,109
"""妖猫之宿""",875585804,"""风之痕""",104,110
"""邦邦[sup]甜花组""",874680632,"""快乐断手器""",116,111
"""琉夏""",874536240,"""犹汐""",82,112
"""天园""",869995777,"""小小公子""",144,113
"""鱼仔仔""",864926687,"""大懒虫""",121,114
"""早出刀早下班""",864748721,"""阿巴阿巴""",118,115
"""龙骑兵团征兵""",863771762,"""*行会收人*在挖""",81,116
"""希希公主幼儿园""",862935108,"""公主希露薇""",71,117
"""贰货乐园""",858272582,"""贰货兔子""",105,118
"""幻想乡""",857851085,"""誓言""",111,119
"""平行天堂""",857634765,"""井出来了......""",299,120
"""榴莲酱同学后援会""",854813810,"""咖啡K""",139,121
"""星之愿招人中""",852693247,"""k-on.F""",138,122
"""会长今晚女装""",850910786,"""折木奉太郎""",101,123
"""咕咕咕之家""",844076044,"""物述""",136,124
"""晨曦""",843160303,"""星尘 离一i""",181,125
"""一肚子坏水""",839595559,"""Daya（挖矿中）""",97,126
"""樱落""",838422339,"""寻梦忆 pyq""",112,127
"""暖暖的铁匠铺""",836760532,"""新任会长鱿鱼大人""",146,128
"""四月你的谎言（招人）""",826507685,"""杰瑞克斯（招人）""",133,129
"""洛洛洛我爱薯片哈""",825955719,"""四缕""",131,130
"""编号9527""",821913941,"""缘之空""",143,131
"""樱花树""",821769693,"""Revolver丶""",178,132
"""泠鸢尾几度花""",819018451,"""冰小蓝""",123,133
"""蜗仙宗（蜗仙四会）""",817236082,"""爪巴鱼（黄金矿工）""",92,134
"""python培训班""",815558630,"""维吉尔X""",120,135
"""神之领域""",811738044,"""骑士君乄""",137,136
"""潮鸣""",811529078,"""记星""",75,137
"""彼岸茶会之花""",796641306,"""熊猫-""",132,138
"""圣盟（招人缺二）""",778715236,"""浪花""",128,139
"""虚印证章""",776837934,"""黑本琦夜""",149,140
"""摇曳的理想乡""",762636168,"""水中肥鸭""",145,141
"""82年的拉菲""",758195828,"""圆圆的圈圈^乄A""",134,142
"""梦之阁""",755839860,"""阳光菇""",142,143
"""想唱的叙事诗""",749187366,"""坂井优衣碳""",150,144
"""连结专业团队DLM""",742777901,"""梦境""",154,145
"""猎牛人家族""",740213266,"""宇九黎""",162,146
"""格雷姆林魔法结社""",735086807,"""sky""",160,147
"""学生会""",734021039,"""花沫沫(工会招人)""",90,148
"""小枫树""",731111716,"""爱新觉罗丶TING""",208,149
"""猫猫头""",730088699,"""良佘""",161,150
"""大大牢饭""",722330285,"""雪蓝星pjcc挖不动""",182,151
"""星空列车与白的旅行""",701848800,"""夜羽真白""",163,152
"""屋后的小池塘""",701461646,"""呱呱02""",250,153
"""佩可莉姆应援团""",688490898,"""艾丝华伦斯坦""",172,154
"""天井""",685734040,"""老子才是真佑树""",152,155
"""咲恋救济院""",679664140,"""杰""",158,156
"""妄想症（养老招人）""",670916695,"""鹿畔""",165,157
"""纳萨力克大坟墓""",667894345,"""偶多多""",159,158
"""凯露农场""",665660272,"""迷雾精灵""",153,159
"""异域骑士团""",663632979,"""迪亚布罗""",164,160
"""欧皇（会战刀刀烈火）""",663011030,"""亚丝娜""",155,161
"""九州""",655474907,"""bbb""",140,162
"""七冠""",651464714,"""柊镜X^""",156,163
"""历代传说被猪拱""",646242838,"""我是猪（看简介）""",183,164
"""Naruto""",642747289,"""Hinata""",168,165
"""白金""",636698124,"""三玖""",185,166
"""香雪兰@传说""",634692462,"""请叫我小基，别误伤""",171,167
"""结萌社(招新）""",623402136,"""塔其米""",147,168
"""兰德索尔之翼""",619131773,"""浅川途""",173,169
"""星辰阁""",616009235,"""小雨""",192,170
"""塔罗会（招人）""",614802137,"""愚者""",186,171
"""名人堂（还要招4人）""",604531022,"""古守家今天的饭""",151,172
"""天痕凛冽斩（招大佬）""",604384468,"""（招大佬）""",170,173
"""神魂灵域""",594817216,"""我很乖巧的呢""",177,174
"""星月颜桃""",591285804,"""星雨""",256,175
"""星灯清火""",587483724,"""涩体源流""",221,176
"""超大的芝士力量""",580837052,"""病入高黄""",174,177
"""萝莉培育研究基地""",578828354,"""十六夜云天泪""",179,178
"""放养行会""",578189786,"""后宫众多的现充骑士""",188,179
"""Euphoria""",576189722,"""四季夏目""",204,180
"""兰德索尔图书馆""",575336904,"""好好先生""",166,181
"""客官请留步""",572441837,"""极乐净土""",215,182
"""angel""",567946215,"""波动你心""",176,183
"""地狱之歌""",565344729,"""莉莉安娜""",167,184
"""养老组""",565306718,"""灯""",216,185
"""天启前150会长女装""",550912219,"""雪""",202,186
"""天涯明月""",550853104,"""明月-寒竹""",203,187
"""欧盟""",548133619,"""一脸茫然""",232,188
"""纸片人老婆""",546171142,"""筱""",198,189
"""咸鱼行会""",545583987,"""忘却来时路""",184,190
"""花开伊吕波""",543652616,"""咸鱼""",197,191
"""lovehome""",532369264,"""kawai""",237,192
"""大枫树""",532334061,"""稽精""",279,193
"""耗子的后宫""",529407294,"""耗子""",195,194
"""银狼""",527651681,"""昔曰A""",201,195
"""修仙姬""",525663258,"""111我也住""",190,196
"""QAQ巴别塔攻略组""",518461356,"""绝对零度""",189,197
"""连结时刻""",511772868,"""暮寒凌""",219,198
"""养乐多""",509787774,"""乐多""",157,199
"""小鱼塘QAQ""",508431224,"""向者夕阳""",210,200
