"""同萌协会up""",607742210,"""蓝蓝蓝^ 乄""",1,1
"""QAQ未闻花名""",594479576,"""最帅最欧""",3,2
"""睡饱饱的观星所""",589557242,"""苏月曦^""",6,3
"""寻梦""",584527664,"""我是骗子王""",11,4
"""咸鱼湾""",584156026,"""川澄舞""",9,5
"""装兔子的冰箱""",578247322,"""泠泠A""",12,6
"""会长去重庆买房了""",577702156,"""红茶""",10,7
"""月下莲不陪大家赏月了""",577067838,"""老羊驼克克^""",13,8
"""天枢保20找合会""",577001604,"""安""",7,9
"""希望之花""",576687138,"""麦克吉利斯""",8,10
"""休闲养老没烦恼""",571206008,"""快看彩虹""",5,11
"""QAQ品红色的照相馆""",565113780,"""decade""",20,12
"""魔域学院""",562969012,"""兲空＊""",21,13
"""行会战出刀嘎嘎暴击！""",554678887,"""海豹眷属绾绾""",2,14
"""灬欧洲兔兔连萌灬""",553141102,"""兔兔灬狐狸贴贴""",17,15
"""宫商角徵羽""",551318094,"""绫濑夕映""",15,16
"""观潮阁""",550381730,"""贤狼赫萝""",18,17
"""梦与魔法的乐园""",548066585,"""梦天真""",28,18
"""猫猫连结""",547096153,"""流炫（招人看简介）""",16,19
"""QAQ司姬协会""",539778260,"""芈夜""",23,20
"""星月晓颜""",535182919,"""光月紫""",26,21
"""QAQ萌国联邦""",532160496,"""~利姆露~i 乄""",27,22
"""柚子厨交流协会""",529388550,"""诺诺""",24,23
"""爱酱保护协会""",529202569,"""珈百璃""",30,24
"""QAQ摆烂鱼塘""",526867894,"""伊蕾娜小恶魔（团）""",40,25
"""君悦君兮君不知""",526293425,"""缘氵浅唱灬四叶""",25,26
"""西红柿炒鸡蛋""",521723535,"""非伤""",35,27
"""咕噜灵波~转一圈？""",521227810,"""陌鸢于泠*""",22,28
"""圣威院 冲！""",520785077,"""是辉夜哦~ p挖""",34,29
"""洗浴中心""",520549916,"""朔月^ 乄""",31,30
"""公主近卫团""",520070187,"""叮咚丶""",38,31
"""万年传承幻想乡""",516671606,"""蓝天""",32,32
"""炼铜术士聚集地""",515236084,"""奥修 t""",39,33
"""彼岸花曼珠沙华""",509654724,"""红茶我的最爱丶i""",33,34
"""瑶光""",509487804,"""芥荨""",48,35
"""加把劲骑士团""",507938242,"""掩饰乄""",43,36
"""简简单单最真""",505488474,"""青山七海""",49,37
"""会长急救中心""",501664226,"""三三""",37,38
"""大枫树""",501166440,"""夏天i""",44,39
"""圣衡骑士团""",496708214,"""PAL.星菓i""",29,40
"""莫得感情的行会""",494143748,"""天使w魔鬼乄（团）""",45,41
"""星城""",488664602,"""焊接者""",41,42
"""绫绫""",484958236,"""田心田乄""",46,43
"""灰与幻想的格林姆迦尔""",482542774,"""春酒*""",36,44
"""流光雾中萤""",482237962,"""见切FHi t""",42,45
"""蜗仙居""",478178114,"""小仓鼠黄瓜瓜  群i""",84,46
"""真步公主护卫会""",475854118,"""婷婷抱抱春妈乄""",58,47
"""凯露酱的小鱼塘""",475537168,"""ssc""",54,48
"""獨行天下""",473765882,"""腹黑的兔子""",50,49
"""喵喵连结（猫猫二会）""",472382190,"""wk116春田""",59,50
"""放学后茶会""",472010088,"""諾蓓兒""",55,51
"""蜗仙苑""",468091465,"""仔仔""",103,52
"""某正义的巴别塔""",464278761,"""欧皇""",63,53
"""学园都市""",464256221,"""王尼矛""",68,54
"""圣剑""",464175169,"""晗中歌""",64,55
"""QAQ盛夏泳装会""",463135534,"""慕名而来～""",66,56
"""爱吃华莱士""",462060198,"""陌路""",65,57
"""蜗仙斋""",460881122,"""萌萌一号""",80,58
"""幽水雅阁""",460168859,"""追 梦 达 人^t""",69,59
"""Re:0""",456869716,"""dio""",57,60
"""莱茵海盗团""",456838641,"""风中吃西瓜""",56,61
"""幻想次元（收人看简介""",452959104,"""欧~力给""",70,62
"""红魔馆""",452159431,"""驱纹戒斗""",51,63
"""炸骗团伙""",450807523,"""中野四叶i*群简介""",74,64
"""Darling""",448924878,"""02""",114,65
"""幻想乡""",448430061,"""夜雨春声""",94,66
"""兰德索尔最强炼铜厂""",448032180,"""无路赛i^i""",83,67
"""Freesia""",447103726,"""梨衣""",53,68
"""初音MIKU小幸运""",445041864,"""Zlonix""",78,69
"""阵列猫""",444607445,"""Explosion""",60,70
"""秋之枫叶红""",443951134,"""GoldGunner""",109,71
"""风居住的街道""",443008809,"""梦~三千""",52,72
"""灬欧洲兔兔集结灬""",442492184,"""兔兔灬亦九""",62,73
"""QAQ夜行灯明""",441296624,"""咸鱼肝i""",95,74
"""京都养老院（招人）""",440474549,"""漪宝""",100,75
"""纳萨里克大坟墓""",439945846,"""^莫莫伽*""",77,76
"""仓鼠的小窝""",437965837,"""哈罗德""",119,77
"""小小牢狱""",437843644,"""泡泡茶壶t""",79,78
"""三刀出完睡饱饱""",435968206,"""晴天俊朗""",61,79
"""风色幻想""",435470762,"""辉XA""",76,80
"""hxd一起冲""",433756036,"""a8""",130,81
"""龙宝随缘冲前50招人""",433192348,"""迷路镇的库露宓""",113,82
"""Kreator""",431635882,"""伊莉雅丝菲尔""",67,83
"""游戏宅""",431317515,"""小春""",89,84
"""美食殿堂""",431030131,"""玩世不恭""",115,85
"""公会之家""",430556594,"""盐酥鸡腿菇i """,102,86
"""公主的顶点""",430295970,"""本亚""",98,87
"""缘念花""",429977642,"""缘份""",110,88
"""圣骑士团""",429757321,"""PAL.灵魂的救赎""",86,89
"""风域(缺人)""",429475116,"""九霄i""",99,90
"""喵喵""",429289710,"""简自在乄""",73,91
"""QAQ茶会""",428613178,"""伊利亚你是我亲爹""",125,92
"""惨遭背刺零零碎碎公会""",427545194,"""云间空流 *乄 """,93,93
"""洗浴二会""",426141373,"""HL丶乄^""",96,94
"""复活社""",424600000,"""骄阳赤妖FH乄""",107,95
"""月球炼铜乐团""",424600000,"""磷叶""",126,96
"""QAQ清梦星河""",424545992,"""嗷嗷嗷""",72,97
"""琉夏""",424315912,"""犹汐""",82,98
"""牧野行歌""",424302540,"""逍遥乄""",108,99
"""来点正常出刀活人加群""",423989458,"""笛羞A吾去拖他依 i""",106,100
"""一个小家""",422334174,"""星净树""",129,101
"""闲鱼""",422126065,"""乃鱼""",124,102
"""天园""",419180171,"""小小公子""",144,103
"""鱼仔仔""",418143866,"""大懒虫""",121,104
"""寻芳阁""",417885649,"""会气（团）（在双群）""",87,105
"""久辞""",417851938,"""菌菌""",148,106
"""皇家巡游""",416155466,"""意如梦""",88,107
"""幻想乡""",415399536,"""誓言""",111,108
"""泪雨梨花后援团（招人""",413563600,"""碎钻回刺原路打回乄""",117,109
"""迷迭迷迭paryi桑""",412210630,"""FLxs风铃星誓 简""",127,110
"""邦邦[sup]甜花组""",411891380,"""快乐断手器""",116,111
"""妖猫之宿""",410259468,"""风之痕""",104,112
"""排百公会招熟练工""",408897894,"""阿波罗""",135,113
"""圣骑士二团""",408185914,"""PAL.毛裤""",85,114
"""希希公主幼儿园""",407872214,"""公主希露薇""",71,115
"""无忧茶馆""",405284660,"""ashen""",91,116
"""龙骑兵团征兵""",400027028,"""*行会收人*在挖""",81,117
"""早出刀早下班""",399796794,"""阿巴阿巴""",118,118
"""樱落""",397891226,"""寻梦忆 pyq""",112,119
"""暖暖的铁匠铺""",397784098,"""新任会长鱿鱼大人""",146,120
"""平行天堂""",396775820,"""井出来了......""",299,121
"""贰货乐园""",395511234,"""贰货兔子""",105,122
"""星之愿招人中""",394542044,"""k-on.F""",138,123
"""一肚子坏水""",390615130,"""Daya（挖矿中）""",97,124
"""编号9527""",389397576,"""缘之空""",143,125
"""潮鸣""",388193066,"""记星""",75,126
"""会长今晚女装""",388152298,"""折木奉太郎""",101,127
"""四月你的谎言（招人）""",384273646,"""杰瑞克斯（招人）""",133,128
"""彼岸茶会之花""",383507912,"""熊猫-""",132,129
"""蜗仙宗（蜗仙四会）""",383181988,"""爪巴鱼（黄金矿工）""",92,130
"""屋后的小池塘""",379654178,"""呱呱02""",250,131
"""咕咕咕之家""",379051706,"""物述""",136,132
"""榴莲酱同学后援会""",377982374,"""咖啡K""",139,133
"""泠鸢尾几度花""",377600116,"""冰小蓝""",123,134
"""樱花树""",376200000,"""Revolver丶""",178,135
"""洛洛洛我爱薯片哈""",375296869,"""四缕""",131,136
"""摇曳的理想乡""",372687906,"""水中肥鸭""",145,137
"""虚印证章""",370508387,"""黑本琦夜""",149,138
"""晨曦""",370475240,"""汤""",181,139
"""神之领域""",362813580,"""骑士君乄""",137,140
"""python培训班""",354793696,"""维吉尔X""",120,141
"""梦之阁""",351890766,"""阳光菇""",142,142
"""圣盟（招人缺二）""",350941728,"""浪花""",128,143
"""猫猫头""",342848941,"""良佘""",161,144
"""小枫树""",341822752,"""爱新觉罗丶TING""",208,145
"""连结专业团队DLM""",340038475,"""梦境""",154,146
"""想唱的叙事诗""",339361518,"""坂井优衣碳""",150,147
"""格雷姆林魔法结社""",338918315,"""sky""",160,148
"""猎牛人家族""",337929303,"""宇九黎""",162,149
"""82年的拉菲""",335782474,"""圆圆的圈圈^乄A""",134,150
"""星空列车与白的旅行""",327544783,"""夜羽真白""",163,151
"""纳萨力克大坟墓""",321131477,"""偶多多""",159,152
"""妄想症（养老招人）""",318217038,"""鹿畔""",165,153
"""佩可莉姆应援团""",316184604,"""艾丝华伦斯坦""",172,154
"""大大牢饭""",313884654,"""雪蓝星pjcc挖不动""",182,155
"""咲恋救济院""",313646840,"""杰""",158,156
"""天井""",312813152,"""老子才是真佑树""",152,157
"""九州""",307843752,"""bbb""",140,158
"""凯露农场""",303770110,"""迷雾精灵""",153,159
"""欧皇（会战刀刀烈火）""",300916596,"""亚丝娜""",155,160
"""七冠""",298358188,"""柊镜X^""",156,161
"""Naruto""",292598582,"""Hinata""",168,162
"""结萌社(招新）""",291475372,"""塔其米""",147,163
"""星辰阁""",291187630,"""小雨""",192,164
"""神魂灵域""",290219328,"""我很乖巧的呢""",177,165
"""白金""",288734272,"""三玖""",185,166
"""异域骑士团""",287454126,"""迪亚布罗""",164,167
"""香雪兰@传说""",285354584,"""请叫我小基，别误伤""",171,168
"""天痕凛冽斩（招大佬）""",282853232,"""（170名会招大佬）""",170,169
"""塔罗会（招人）""",281339854,"""愚者""",186,170
"""历代传说被猪拱""",279486684,"""我是猪（看简介）""",183,171
"""兰德索尔之翼""",278114610,"""浅川途""",173,172
"""星灯清火""",277433770,"""涩体源流""",221,173
"""名人堂（还要招4人）""",277000000,"""古守家今天的饭""",151,174
"""超大的芝士力量""",273235382,"""病入高黄""",174,175
"""养老组""",265445791,"""灯""",216,176
"""放养行会""",264060269,"""后宫众多的现充骑士""",188,177
"""星月颜桃""",260529699,"""星雨""",256,178
"""兰德索尔图书馆""",258969272,"""好好先生""",166,179
"""学生会""",258602398,"""花沫沫(工会招人)""",90,180
"""萝莉培育研究基地""",257856676,"""十六夜云天泪""",179,181
"""客官请留步""",256307117,"""极乐净土""",215,182
"""银狼""",255836138,"""昔曰A""",201,183
"""Euphoria""",255656843,"""四季夏目""",204,184
"""地狱之歌""",254795615,"""莉莉安娜""",167,185
"""angel""",253794169,"""波动你心""",176,186
"""咸鱼行会""",250794068,"""忘却来时路""",184,187
"""欧盟""",249012649,"""一脸茫然""",232,188
"""天启前150会长女装""",248313551,"""雪""",202,189
"""lovehome""",248156848,"""kawai""",237,190
"""修仙姬""",245625692,"""111我也住""",190,191
"""连结时刻""",245437484,"""暮寒凌""",219,192
"""养乐多""",244175405,"""乐多""",157,193
"""天涯明月""",242345969,"""明月-寒竹""",203,194
"""嘤灵殿""",241721702,"""六花的勇太""",212,195
"""纸片人老婆""",241040555,"""筱""",198,196
"""大枫树""",238224009,"""稽精""",279,197
"""耗子的后宫""",237630414,"""耗子""",195,198
"""QAQ巴别塔攻略组""",237313950,"""绝对零度""",189,199
"""花开伊吕波""",234062292,"""咸鱼""",197,200
